"SPID","Status","Login","HostName","BlkBy","DBName","Command","CPUTime","DiskIO","LastBatch","ProgramName","SPID1","REQUESTID"
"1    ","BACKGROUND                    ","sa","  .","  .","","XTP_CKPT_AGENT  ","0","0","10/20 15:43:09","                                 ","1    ","0    "
"2    ","BACKGROUND                    ","sa","  .","  .","","LOG WRITER      ","0","0","10/20 15:43:09","                                 ","2    ","0    "
"3    ","BACKGROUND                    ","sa","  .","  .","","RECOVERY WRITER ","0","0","10/20 15:43:09","                                 ","3    ","0    "
"4    ","BACKGROUND                    ","sa","  .","  .","","LAZY WRITER     ","0","0","10/20 15:43:09","                                 ","4    ","0    "
"5    ","BACKGROUND                    ","sa","  .","  .","","LOCK MONITOR    ","0","0","10/20 15:43:09","                                 ","5    ","0    "
"6    ","BACKGROUND                    ","sa","  .","  .","master","SIGNAL HANDLER  ","0","0","10/20 15:43:09","                                 ","6    ","0    "
"7    ","BACKGROUND                    ","sa","  .","  .","","XIO_RETRY_WORKER","0","0","10/20 15:43:09","                                 ","7    ","0    "
"8    ","BACKGROUND                    ","sa","  .","  .","","XIO_LEASE_RENEWA","0","0","10/20 15:43:09","                                 ","8    ","0    "
"9    ","BACKGROUND                    ","sa","  .","  .","master","BRKR TASK       ","0","0","10/20 15:43:13","                                 ","9    ","0    "
"10   ","sleeping                      ","sa","  .","  .","master","TASK MANAGER    ","0","0","10/21 00:16:44","                                 ","10   ","0    "
